{
  "configurations" : [
    {
      "name"  : "Enlazados Venezuela",
      "mcc" : 734,
      "url" : "http://m.ve.enlazados.xumii.com/enlazados/"
    },
    {
      "name"  : "Enlazados Colombia",
      "mcc" : 732,
      "url" : "http://m.co.enlazados.xumii.com/enlazados/"
    },
	{
      "name"  : "Enlazados Argentina",
      "mcc" : 722,
      "url" : "http://m.ar.enlazados.xumii.com/enlazados/"
    },
	{
      "name"  : "Enlazados Chile",
      "mcc" : 730,
      "url" : "http://m.cl.enlazados.xumii.com/enlazados/"
    },
	{
      "name"  : "Enlazados Uruguay",
      "mcc" : 748,
      "url" : "http://m.uy.enlazados.xumii.com/enlazados/"
    },
	{
      "name"  : "Enlazados Ecuador",
      "mcc" : 740,
      "url" : "http://m.ec.enlazados.xumii.com/enlazados/"
    },
	{
      "name"  : "Enlazados Mexico",
      "mcc" : 334,
      "url" : "http://m.mx.enlazados.xumii.com/enlazados/"
    },
	{
      "name"  : "Enlazados Peru",
      "mcc" : 716,
      "url" : "http://m.pe.enlazados.xumii.com/enlazados/"
    },
	{
      "name"  : "Enlazados Panama",
      "mcc" : 714,
      "url" : "http://m.pa.enlazados.xumii.com/enlazados/"
    },
	{
      "name"  : "Enlazados Guatemala",
      "mcc" : 704,
      "url" : "http://m.gt.enlazados.xumii.com/enlazados/"
    },
	{
      "name"  : "Enlazados Nicaragua",
      "mcc" : 710,
      "url" : "http://m.ni.enlazados.xumii.com/enlazados/"
    },
	{
      "name"  : "Enlazados El Salvador",
      "mcc" : 706,
      "url" : "http://m.sv.enlazados.xumii.com/enlazados/"
    },
	{
      "name"  : "Enlazados Costa Rica",
      "mcc" : 712,
      "url" : "http://m.cr.enlazados.xumii.com/enlazados/"
    }
  ],
  "default" : 
  {
    "name"  : "Movistar",
    "url" : "http://www.movistar.com/"
  }
}
